	Locus	snp_50bp
0	18S	1.5176151761517616
0	ITS1	2.579365079365079
0	5.8S	2.287581699346405
0	ITS2	3.9408866995073892
0	28S	1.4634146341463417
0	18S	0.55817947617003
0	ITS1	2.4271844660194173
0	5.8S	2.8662420382165608
0	ITS2	4.166666666666666
0	28S	0.9173055859802848
0	18S	0.55817947617003
0	ITS1	2.4271844660194173
0	5.8S	2.8662420382165608
0	ITS2	4.166666666666666
0	28S	0.9173055859802848
