	Locus	snp_50bp
0	18S	1.5176151761517616
0	ITS1	2.579365079365079
0	5.8S	2.287581699346405
0	ITS2	3.9408866995073892
0	28S	1.4014598540145984
0	18S	0.6775832862789385
0	ITS1	3.0232558139534884
0	5.8S	2.631578947368421
0	ITS2	4.263565891472868
0	28S	0.8808147536471236
0	18S	0.6775832862789385
0	ITS1	3.0232558139534884
0	5.8S	2.631578947368421
0	ITS2	4.263565891472868
0	28S	0.8808147536471236
