	Locus	snp_50bp	Position
0	18S	1.5176151761517616	[40, 48, 147, 156, 170, 200, 206, 215, 301, 315, 344, 363, 381, 429, 459, 460, 467, 477, 499, 524, 564, 620, 632, 637, 643, 653, 660, 668, 680, 685, 691, 706, 720, 1029, 1043, 1330, 1346, 1374, 1381, 1457, 1467, 1474, 1485, 1497, 1504, 1534, 1556, 1564, 1586, 1645, 1662, 1669, 1673, 1714, 1784, 1815]
0	ITS1	2.579365079365079	[3, 29, 35, 42, 65, 71, 83, 127, 136, 140, 186, 205, 215, 229, 235, 270, 316, 332, 408, 433, 435, 449, 461, 476, 480, 494]
0	5.8S	2.287581699346405	[63, 93, 107, 118, 119, 131, 141]
0	ITS2	3.9408866995073892	[8, 24, 35, 49, 65, 74, 88, 93, 104, 113, 124, 141, 150, 164, 182, 193]
0	28S	1.4014598540145984	[24, 108, 130, 132, 136, 144, 162, 174, 180, 192, 203, 209, 240, 251, 255, 259, 262, 269, 334, 360, 365, 401, 423, 437, 448, 468, 478, 483, 542, 559, 567, 585, 600, 608, 619, 621, 631, 642, 648, 650, 667, 754, 772, 840, 845, 850, 878, 883, 888, 904, 930, 940, 952, 1158, 1253, 1264, 1285, 1296, 1355, 1407, 1528, 1537, 1546, 1637, 1759, 1769, 1785, 1796, 1802, 1839, 1865, 1877, 1929, 1952, 1973, 1987, 1999, 2012, 2024, 2031, 2039, 2043, 2048, 2070, 2213, 2244, 2264, 2268, 2270, 2291, 2343, 2356, 2440, 2560, 2572, 2841]
0	18S	1.5176151761517616	[40, 48, 147, 156, 170, 200, 206, 215, 301, 315, 344, 363, 381, 429, 459, 460, 467, 477, 499, 524, 564, 620, 632, 637, 643, 653, 660, 668, 680, 685, 691, 706, 720, 1029, 1043, 1330, 1346, 1374, 1381, 1457, 1467, 1474, 1485, 1497, 1504, 1534, 1556, 1564, 1586, 1645, 1662, 1669, 1673, 1714, 1784, 1815]
0	ITS1	2.579365079365079	[3, 29, 35, 42, 65, 71, 83, 127, 136, 140, 186, 205, 215, 229, 235, 270, 316, 332, 408, 433, 435, 449, 461, 476, 480, 494]
0	5.8S	2.287581699346405	[63, 93, 107, 118, 119, 131, 141]
0	ITS2	3.9408866995073892	[8, 24, 35, 49, 65, 74, 88, 93, 104, 113, 124, 141, 150, 164, 182, 193]
0	28S	1.4014598540145984	[24, 108, 130, 132, 136, 144, 162, 174, 180, 192, 203, 209, 240, 251, 255, 259, 262, 269, 334, 360, 365, 401, 423, 437, 448, 468, 478, 483, 542, 559, 567, 585, 600, 608, 619, 621, 631, 642, 648, 650, 667, 754, 772, 840, 845, 850, 878, 883, 888, 904, 930, 940, 952, 1158, 1253, 1264, 1285, 1296, 1355, 1407, 1528, 1537, 1546, 1637, 1759, 1769, 1785, 1796, 1802, 1839, 1865, 1877, 1929, 1952, 1973, 1987, 1999, 2012, 2024, 2031, 2039, 2043, 2048, 2070, 2213, 2244, 2264, 2268, 2270, 2291, 2343, 2356, 2440, 2560, 2572, 2841]
