	Locus	snp_50bp
0	18S	1.5176151761517616
0	ITS1	2.579365079365079
0	5.8S	2.287581699346405
0	ITS2	3.9408866995073892
0	28S	1.4014598540145984
0	18S	1.5176151761517616
0	ITS1	2.579365079365079
0	5.8S	2.287581699346405
0	ITS2	3.9408866995073892
0	28S	1.4014598540145984
